INSERT INTO students (STUDENT_ID, NAME, CAMPUS, STUDY_FIELD, REGISTRATION_YEAR, AGE , SEX, NATIONALITY, HOME_ADDRESS, HIGH_SCHOOL, HIGH_SCHOOL_ADDRESS)
VALUES
    ( 1855,'Natalia','Campus Region B','CS',2019,19,'F','Italian','Region A','High School 2','Rome, Italy'),
    ( 1856,'Gab','Campus Region C','History',2017,21,'M','Greek','Region A','High School 2','Athens, Greece'),
    ( 1857,'Sophia','Campus Region A','Arts',2019,22,'F','German','Region B','High School 2','Munich, Germany'),
    ( 1858,'John','Campus Region A','Arts',2018,20,'M','Polish','Region B','High School 2','Warsaw, Poland'),
    ( 1859,'Temur','Campus Region A','Arts',2016,21,'M','UK','Region B','High School 2','London, England'),
    ( 1860,'Ian','Campus Region B','CS',2019,22,'M', 'Korean','Region B', 'High School 2','Seoul, South Korea'),
    ( 1861,'Huan','Campus Region A','Arts',2018,29,'M','Chinese','Region A', 'High School 2','Beijing, China'),
    ( 1862,'Maria','Campus Region A','Arts',2019,24,'F','German','Region A','High School 2','Berlin, Germany'),
    ( 1863,'Carmelo','Campus Region C','History',2019,18,'M','Italian','Region A','High School 2','Milan, Italy'),
    ( 1864,'Tatiana','Campus Region A','Arts',2015,23,'F','Russian','Region C', 'High School 2','Moscow, Russia'),
    ( 1865,'Igor','Campus Region B','CS',2018,21,'M','Russian','Region A','High School 2','Moscow, Russia'),
    ( 1866,'Steven','Campus Region B','CS',2019,31,'M','Italian','Region C', 'High School 2','Milan,Italy'),
    ( 1867,'Kate','Campus Region B','CS',2018,23,'F','Greek','Region C','High School 2','Crete, Greece'),
    ( 1868,'Anna','Campus Region A','Arts',2018,19,'F','Turkish','Region A', 'High School 2','Izmir, Turkey'),
    ( 1869,'Ahmet','Campus Region A','Arts',2018,20,'M','Turkish','Region C', 'High School 2','Ankara,Turkey'),
    ( 1870,'Geun','Campus Region C','History',2017,26,'M','Korean','Region C','High School 2','Seoul, South Korea'),
    ( 1871,'Chao','Campus Region C','History',2019,26,'M','Chinese','Region C', 'High School 2','Beijing, China'),
    ( 1872,'Emma','Campus Region A','Arts',2018,21,'F','German','Region A', 'High School 2','Mainz,Germany');



INSERT INTO grades_high_school (STUDENT_ID, MODULE, GRADE)
VALUES
    ( 1855,'Maths',90),
    ( 1856,'Maths',50),
    ( 1857,'Maths',60),
    ( 1858,'Maths',65),
    ( 1859,'Maths',75),
    ( 1860,'Maths',80),
    ( 1861,'Maths',85),
    ( 1862,'Maths',55),
    ( 1863,'Maths',60),
    ( 1864,'Maths',65),
    ( 1865,'Maths',70),
    ( 1866,'Maths',75),
    ( 1867,'Maths',65),
    ( 1868,'Maths',75),
    ( 1869,'Maths',80),
    ( 1870,'Maths',50),
    ( 1871,'Maths',70),
    ( 1872,'Maths',75),
    ( 1855,'History',70),
    ( 1856,'History',95),
    ( 1857,'History',65),
    ( 1858,'History',75),
    ( 1859,'History',90),
    ( 1860,'History',70),
    ( 1861,'History',65),
    ( 1862,'History',80),
    ( 1863,'History',80),
    ( 1864,'History',75),
    ( 1865,'History',55),
    ( 1866,'History',55),
    ( 1867,'History',50),
    ( 1868,'History',80),
    ( 1869,'History',70),
    ( 1870,'History',85),
    ( 1871,'History',85),
    ( 1872,'History',50),
    ( 1855,'English',90),
    ( 1856,'English',50),
    ( 1857,'English',65),
    ( 1858,'English',70),
    ( 1859,'English',65),
    ( 1860,'English',90),
    ( 1861,'English',80),
    ( 1862,'English',90),
    ( 1863,'English',85),
    ( 1864,'English',80),
    ( 1865,'English',75),
    ( 1866,'English',75),
    ( 1867,'English',60),
    ( 1868,'English',50),
    ( 1869,'English',65),
    ( 1870,'English',70),
    ( 1871,'English',80),
    ( 1872,'English',75);



INSERT INTO grades_university (STUDENT_ID, MODULE_ID, GRADE)
VALUES
	( 1855,1574,90),
    ( 1856,1745,50),
    ( 1857,1631,60),
    ( 1858,1631,65),
    ( 1859,1631,75),
    ( 1860,1574,80),
    ( 1861,1631,85),
    ( 1862,1631,55),
    ( 1863,1745,60),
    ( 1864,1631,65),
    ( 1865,1574,70),
    ( 1866,1574,75),
    ( 1867,1574,65),
    ( 1868,1631,75),
    ( 1869,1631,80),
    ( 1870,1745,50),
    ( 1871,1745,70),
    ( 1872,1631,75),
    ( 1855,1575,70),
    ( 1856,1746,95),
    ( 1857,1632,65),
    ( 1858,1632,75),
    ( 1859,1632,90),
    ( 1860,1575,70),
    ( 1861,1632,65),
    ( 1862,1632,80),
    ( 1863,1746,80),
    ( 1864,1632,75),
    ( 1865,1575,55),
    ( 1866,1575,55),
    ( 1867,1575,50),
    ( 1868,1632,80),
    ( 1869,1632,70),
    ( 1870,1746,85),
    ( 1871,1746,85),
    ( 1872,1632,50),
    ( 1855,1576,NULL),
    ( 1856,1748,NULL),
    ( 1857,1633,NULL),
    ( 1858,1633,NULL),
    ( 1859,1633,NULL),
    ( 1860,1576,NULL),
    ( 1861,1633,NULL),
    ( 1862,1633,NULL),
    ( 1863,1748,NULL),
    ( 1864,1633,NULL),
    ( 1865,1576,NULL),
    ( 1866,1576,NULL),
    ( 1867,1576,NULL),
    ( 1868,1633,NULL),
    ( 1869,1633,NULL),
    ( 1870,1748,NULL),
    ( 1871,1748,NULL),
    ( 1872,1633,NULL);
